{
  "Total" : {
    "transaction" : "Total",
    "sampleCount" : 3,
    "errorCount" : 0,
    "errorPct" : 0.0,
    "meanResTime" : 358.0,
    "medianResTime" : 271.0,
    "minResTime" : 266.0,
    "maxResTime" : 537.0,
    "pct1ResTime" : 537.0,
    "pct2ResTime" : 537.0,
    "pct3ResTime" : 537.0,
    "throughput" : 5.58659217877095,
    "receivedKBytesPerSec" : 8.892719972067038,
    "sentKBytesPerSec" : 1.1420507448789572
  },
  "Get User API-1" : {
    "transaction" : "Get User API-1",
    "sampleCount" : 1,
    "errorCount" : 0,
    "errorPct" : 0.0,
    "meanResTime" : 271.0,
    "medianResTime" : 271.0,
    "minResTime" : 271.0,
    "maxResTime" : 271.0,
    "pct1ResTime" : 271.0,
    "pct2ResTime" : 271.0,
    "pct3ResTime" : 271.0,
    "throughput" : 3.6900369003690034,
    "receivedKBytesPerSec" : 5.239564114391143,
    "sentKBytesPerSec" : 0.565757610701107
  },
  "Get User API-0" : {
    "transaction" : "Get User API-0",
    "sampleCount" : 1,
    "errorCount" : 0,
    "errorPct" : 0.0,
    "meanResTime" : 266.0,
    "medianResTime" : 266.0,
    "minResTime" : 266.0,
    "maxResTime" : 266.0,
    "pct1ResTime" : 266.0,
    "pct2ResTime" : 266.0,
    "pct3ResTime" : 266.0,
    "throughput" : 3.7593984962406015,
    "receivedKBytesPerSec" : 3.6382460056390977,
    "sentKBytesPerSec" : 0.5763921522556391
  },
  "Get User API" : {
    "transaction" : "Get User API",
    "sampleCount" : 1,
    "errorCount" : 0,
    "errorPct" : 0.0,
    "meanResTime" : 537.0,
    "medianResTime" : 537.0,
    "minResTime" : 537.0,
    "maxResTime" : 537.0,
    "pct1ResTime" : 537.0,
    "pct2ResTime" : 537.0,
    "pct3ResTime" : 537.0,
    "throughput" : 1.86219739292365,
    "receivedKBytesPerSec" : 4.446359986033519,
    "sentKBytesPerSec" : 0.5710253724394786
  }
}